<?xml version="1.0" encoding="UTF-8"?><soap:Envelope xmlns:soap="http://schemas.xmlsoap.org/soap/envelope/">
<soap:Body>
<getAllInstanceDataForOwnerResponse xmlns="http://zpi.telekom.com/Types/ZPIInformation/v1">
<serviceResult>
<returnCode>0</returnCode>
</serviceResult>
<keyValueList>
<keyValue>
<key>inst</key>
<value>130149019900010000639581</value>
</keyValue>
<keyValue>
<key>ityp</key>
<value>voip</value>
</keyValue>
</keyValueList>
</getAllInstanceDataForOwnerResponse>
</soap:Body>
</soap:Envelope>
