<?xml version="1.0" encoding="UTF-8"?><soap:Envelope xmlns:soap="http://schemas.xmlsoap.org/soap/envelope/">
<SOAP-ENV:Header xmlns:SOAP-ENV="http://schemas.xmlsoap.org/soap/envelope/">
<wsse:Security xmlns:wsse="http://docs.oasis-open.org/wss/2004/01/oasis-200401-wss-wssecurity-secext-1.0.xsd" xmlns:wsu="http://docs.oasis-open.org/wss/2004/01/oasis-200401-wss-wssecurity-utility-1.0.xsd" soap:mustUnderstand="1">
<wsse:UsernameToken wsu:Id="UsernameToken-E1C4B4187C036BFC7815123856670831120">
<wsse:Username>zpi_idma_user</wsse:Username>
<wsse:Password Type="http://docs.oasis-open.org/wss/2004/01/oasis-200401-wss-username-token-profile-1.0#PasswordText">xxxxx</wsse:Password>
</wsse:UsernameToken>
</wsse:Security>
</SOAP-ENV:Header>
<soap:Body>
<updateInstance xmlns="http://zpi.telekom.com/Types/ZPIProvisioning/v2">
<contributor>
<contributorId>ISI</contributorId>
<contributorReference>IDM000000639601</contributorReference>
</contributor>
<instance>
<id>130149019900010000639581</id>
<idType>inst</idType>
</instance>
<keyValueList>
<keyValue>
<key>n50000</key>
<value/>
</keyValue>
<keyValue>
<key>n000</key>
<value/>
</keyValue>
<keyValue>
<key>n50001</key>
<value/>
</keyValue>
<keyValue>
<key>n001</key>
<value/>
</keyValue>
<keyValue>
<key>n50002</key>
<value/>
</keyValue>
<keyValue>
<key>n002</key>
<value/>
</keyValue>
<keyValue>
<key>n50003</key>
<value/>
</keyValue>
<keyValue>
<key>n003</key>
<value/>
</keyValue>
<keyValue>
<key>n50004</key>
<value/>
</keyValue>
<keyValue>
<key>n004</key>
<value/>
</keyValue>
<keyValue>
<key>n50005</key>
<value/>
</keyValue>
<keyValue>
<key>n005</key>
<value/>
</keyValue>
<keyValue>
<key>n50006</key>
<value/>
</keyValue>
<keyValue>
<key>n006</key>
<value/>
</keyValue>
<keyValue>
<key>n50007</key>
<value/>
</keyValue>
<keyValue>
<key>n007</key>
<value/>
</keyValue>
<keyValue>
<key>n50008</key>
<value/>
</keyValue>
<keyValue>
<key>n008</key>
<value/>
</keyValue>
<keyValue>
<key>n50009</key>
<value/>
</keyValue>
<keyValue>
<key>n009</key>
<value/>
</keyValue>
<keyValue>
<key>cgid</key>
<value>ISI_SET_NUMBERS</value>
</keyValue>
<keyValue>
<key>caid</key>
<value>ISI_IDM000000639601_Mon Dec 04 12:07:47 CET 2017</value>
</keyValue>
<keyValue>
<key>crin</key>
<value>ISI#</value>
</keyValue>
</keyValueList>
</updateInstance>
</soap:Body>
</soap:Envelope>
