<?xml version="1.0" encoding="UTF-8"?><soap:Envelope xmlns:soap="http://schemas.xmlsoap.org/soap/envelope/">
<SOAP-ENV:Header xmlns:SOAP-ENV="http://schemas.xmlsoap.org/soap/envelope/">
<wsse:Security xmlns:wsse="http://docs.oasis-open.org/wss/2004/01/oasis-200401-wss-wssecurity-secext-1.0.xsd" xmlns:wsu="http://docs.oasis-open.org/wss/2004/01/oasis-200401-wss-wssecurity-utility-1.0.xsd" soap:mustUnderstand="1">
<wsse:UsernameToken wsu:Id="UsernameToken-E1C4B4187C036BFC7815123856672201121">
<wsse:Username>zpi_idma_user</wsse:Username>
<wsse:Password Type="http://docs.oasis-open.org/wss/2004/01/oasis-200401-wss-username-token-profile-1.0#PasswordText">xxxxx</wsse:Password>
</wsse:UsernameToken>
</wsse:Security>
</SOAP-ENV:Header>
<soap:Body>
<setFeatures xmlns="http://zpi.telekom.com/Types/ZPIProvisioning/v2">
<contributor>
<contributorId>ISI</contributorId>
<contributorReference>IDM000000639601</contributorReference>
</contributor>
<account>
<id>100049016041211510300001</id>
<idType>guid</idType>
</account>
<emList>
<em>
<emMatNo>88220444</emMatNo>
<contributorReferenceId>770162</contributorReferenceId>
</em>
<em>
<emMatNo>88218822</emMatNo>
<contributorReferenceId>770161</contributorReferenceId>
</em>
</emList>
</setFeatures>
</soap:Body>
</soap:Envelope>
