<?xml version="1.0" encoding="UTF-8"?><soap:Envelope xmlns:soap="http://schemas.xmlsoap.org/soap/envelope/">
<soap:Body>
<getAllActiveAliasesForAccountResponse xmlns="http://zpi.telekom.com/Types/ZPIInformation/v1">
<serviceResult>
<returnCode>0</returnCode>
</serviceResult>
<keyValueList>
<keyValue>
<key>guid</key>
<value>100049016041211510300001</value>
</keyValue>
<keyValue>
<key>haMSISDN</key>
<value>496006041211517</value>
</keyValue>
</keyValueList>
</getAllActiveAliasesForAccountResponse>
</soap:Body>
</soap:Envelope>
