<?xml version="1.0" encoding="UTF-8" standalone="yes"?>
<Delta4ACL xmlns="http://idm.telekom.com/Types/ACLCustomerInventory/v1">
    <Account4ACL>
        <GUID>100049016041211510300001</GUID>
        <TO-Nummer>604121151030</TO-Nummer>
        <Kundennummer>6041211510</Kundennummer>
        <Systel>70026407</Systel>
        <MandantenId>TCOM</MandantenId>
        <AccountStatus>inaktiv</AccountStatus>
        <Anlagedatum>2017-12-04T11:52:00.767+01:00</Anlagedatum>
        <LetzteProvisionierung>2017-12-04T12:07:47.970+01:00</LetzteProvisionierung>
        <Einzelmodule4ACL>
            <Einzelmodul4ACL>
                <Id>770162</Id>
                <EMMatNr>88220444</EMMatNr>
                <INIDOwner>false</INIDOwner>
                <Terminreihe4ACL/>
            </Einzelmodul4ACL>
            <Einzelmodul4ACL>
                <Id>770161</Id>
                <EMMatNr>88218822</EMMatNr>
                <INIDOwner>false</INIDOwner>
                <Terminreihe4ACL/>
            </Einzelmodul4ACL>
        </Einzelmodule4ACL>
        <Auftragsdaten4ACL>
            <Auftrag4ACL>
                <SOID>IDM000000639601</SOID>
                <Auftragseingang>2017-12-04T12:05:35.245+01:00</Auftragseingang>
                <ExterneReferenzen4ACL>
                    <ExterneReferenz4ACL>
                        <ReferenzTyp>ALC</ReferenzTyp>
                        <ReferenzNummer>604121151031</ReferenzNummer>
                    </ExterneReferenz4ACL>
                    <ExterneReferenz4ACL>
                        <ReferenzTyp>CRM</ReferenzTyp>
                        <ReferenzNummer>60412115100</ReferenzNummer>
                    </ExterneReferenz4ACL>
                    <ExterneReferenz4ACL>
                        <ReferenzTyp>DKK</ReferenzTyp>
                    </ExterneReferenz4ACL>
                    <ExterneReferenz4ACL>
                        <ReferenzTyp>SNR</ReferenzTyp>
                    </ExterneReferenz4ACL>
                </ExterneReferenzen4ACL>
            </Auftrag4ACL>
        </Auftragsdaten4ACL>
    </Account4ACL>
    <DatensatzInfo4ACL>
        <Sequenznummer4ACL>1200194</Sequenznummer4ACL>
        <Erstellungszeitpunkt4ACL>2017-12-04T12:07:47.983+01:00</Erstellungszeitpunkt4ACL>
    </DatensatzInfo4ACL>
</Delta4ACL>
